mean_fit_time,std_fit_time,mean_score_time,std_score_time,param_criterion,param_max_depth,param_min_samples_split,params,split0_test_score,split1_test_score,split2_test_score,split3_test_score,split4_test_score,mean_test_score,std_test_score,rank_test_score
0.016560935974121095,0.000596166514701356,0.00237126350402832,0.0002051330732098253,gini,1,2,"{'criterion': 'gini', 'max_depth': 1, 'min_samples_split': 2}",0.6755399296835761,0.67754897036665,0.6931190356604722,0.688598694123556,0.6743718592964824,0.6818356978261473,0.0075732878727301075,126
0.01685299873352051,0.0003792856875664934,0.002436399459838867,0.0002080101199285148,gini,1,4,"{'criterion': 'gini', 'max_depth': 1, 'min_samples_split': 4}",0.6755399296835761,0.67754897036665,0.6931190356604722,0.688598694123556,0.6743718592964824,0.6818356978261473,0.0075732878727301075,126
0.017446422576904298,0.001785772324799143,0.002331066131591797,0.00018797852170368898,gini,1,6,"{'criterion': 'gini', 'max_depth': 1, 'min_samples_split': 6}",0.6755399296835761,0.67754897036665,0.6931190356604722,0.688598694123556,0.6743718592964824,0.6818356978261473,0.0075732878727301075,126
0.016167211532592773,0.0007030231043748664,0.0023701667785644533,0.0003845816105900866,gini,1,8,"{'criterion': 'gini', 'max_depth': 1, 'min_samples_split': 8}",0.6755399296835761,0.67754897036665,0.6931190356604722,0.688598694123556,0.6743718592964824,0.6818356978261473,0.0075732878727301075,126
0.016141223907470702,0.0004424591338827292,0.0023209571838378905,0.00013509524635821443,gini,1,10,"{'criterion': 'gini', 'max_depth': 1, 'min_samples_split': 10}",0.6755399296835761,0.67754897036665,0.6931190356604722,0.688598694123556,0.6743718592964824,0.6818356978261473,0.0075732878727301075,126
0.022540998458862305,0.004328966710367453,0.00460052490234375,0.001558216232874865,gini,1,12,"{'criterion': 'gini', 'max_depth': 1, 'min_samples_split': 12}",0.6755399296835761,0.67754897036665,0.6931190356604722,0.688598694123556,0.6743718592964824,0.6818356978261473,0.0075732878727301075,126
0.01555023193359375,0.000554136164706765,0.0023109912872314453,0.00041614382259514966,gini,1,14,"{'criterion': 'gini', 'max_depth': 1, 'min_samples_split': 14}",0.6755399296835761,0.67754897036665,0.6931190356604722,0.688598694123556,0.6743718592964824,0.6818356978261473,0.0075732878727301075,126
0.016923284530639647,0.0010061791324809891,0.0027604103088378906,0.0007536831315792008,gini,1,16,"{'criterion': 'gini', 'max_depth': 1, 'min_samples_split': 16}",0.6755399296835761,0.67754897036665,0.6931190356604722,0.688598694123556,0.6743718592964824,0.6818356978261473,0.0075732878727301075,126
0.015379571914672851,0.0006456507113754275,0.002247524261474609,0.00016489876956434695,gini,1,18,"{'criterion': 'gini', 'max_depth': 1, 'min_samples_split': 18}",0.6755399296835761,0.67754897036665,0.6931190356604722,0.688598694123556,0.6743718592964824,0.6818356978261473,0.0075732878727301075,126
0.026308250427246094,0.0005026172496346883,0.002199602127075195,4.1613270356403486e-05,gini,2,2,"{'criterion': 'gini', 'max_depth': 2, 'min_samples_split': 2}",0.6755399296835761,0.67754897036665,0.6931190356604722,0.688598694123556,0.6743718592964824,0.6818356978261473,0.0075732878727301075,126
0.02640643119812012,0.0005971516395589472,0.0026199817657470703,0.0003787847141024065,gini,2,4,"{'criterion': 'gini', 'max_depth': 2, 'min_samples_split': 4}",0.6755399296835761,0.67754897036665,0.6931190356604722,0.688598694123556,0.6743718592964824,0.6818356978261473,0.0075732878727301075,126
0.02767176628112793,0.0017058767155916509,0.0029758453369140626,0.0004771417265007683,gini,2,6,"{'criterion': 'gini', 'max_depth': 2, 'min_samples_split': 6}",0.6755399296835761,0.67754897036665,0.6931190356604722,0.688598694123556,0.6743718592964824,0.6818356978261473,0.0075732878727301075,126
0.02661161422729492,0.0009075159408203745,0.002546262741088867,0.00042875351815200435,gini,2,8,"{'criterion': 'gini', 'max_depth': 2, 'min_samples_split': 8}",0.6755399296835761,0.67754897036665,0.6931190356604722,0.688598694123556,0.6743718592964824,0.6818356978261473,0.0075732878727301075,126
0.02674441337585449,0.0013018626693774894,0.0021738052368164063,8.007835201523458e-05,gini,2,10,"{'criterion': 'gini', 'max_depth': 2, 'min_samples_split': 10}",0.6755399296835761,0.67754897036665,0.6931190356604722,0.688598694123556,0.6743718592964824,0.6818356978261473,0.0075732878727301075,126
0.029880428314208986,0.006844393855026597,0.0027245521545410157,0.0006080470051696895,gini,2,12,"{'criterion': 'gini', 'max_depth': 2, 'min_samples_split': 12}",0.6755399296835761,0.67754897036665,0.6931190356604722,0.688598694123556,0.6743718592964824,0.6818356978261473,0.0075732878727301075,126
0.03350229263305664,0.008390752895929386,0.002371549606323242,0.00011968147223187636,gini,2,14,"{'criterion': 'gini', 'max_depth': 2, 'min_samples_split': 14}",0.6755399296835761,0.67754897036665,0.6931190356604722,0.688598694123556,0.6743718592964824,0.6818356978261473,0.0075732878727301075,126
0.027044963836669923,0.0005554730354251307,0.0026317596435546874,0.0005156483737407022,gini,2,16,"{'criterion': 'gini', 'max_depth': 2, 'min_samples_split': 16}",0.6755399296835761,0.67754897036665,0.6931190356604722,0.688598694123556,0.6743718592964824,0.6818356978261473,0.0075732878727301075,126
0.027313756942749023,0.0011197768060800335,0.0032530307769775392,0.0011886152888425142,gini,2,18,"{'criterion': 'gini', 'max_depth': 2, 'min_samples_split': 18}",0.6755399296835761,0.67754897036665,0.6931190356604722,0.688598694123556,0.6743718592964824,0.6818356978261473,0.0075732878727301075,126
0.03740358352661133,0.0008221486149823686,0.0024379730224609376,0.00035191743981433007,gini,3,2,"{'criterion': 'gini', 'max_depth': 3, 'min_samples_split': 2}",0.6810647915620291,0.6850828729281768,0.7011551983927674,0.6971371170266197,0.6909547738693468,0.691078950755788,0.0074092361087850075,57
0.03683385848999023,0.0004069433910464906,0.0023604393005371093,0.00023612967407952168,gini,3,4,"{'criterion': 'gini', 'max_depth': 3, 'min_samples_split': 4}",0.6810647915620291,0.6850828729281768,0.7011551983927674,0.6971371170266197,0.6909547738693468,0.691078950755788,0.0074092361087850075,57
0.03845834732055664,0.0016396197499577347,0.0022913932800292967,9.691407608179785e-05,gini,3,6,"{'criterion': 'gini', 'max_depth': 3, 'min_samples_split': 6}",0.6810647915620291,0.6850828729281768,0.7011551983927674,0.6971371170266197,0.6909547738693468,0.691078950755788,0.0074092361087850075,57
0.03699193000793457,0.00090488686086225,0.0022308349609375,6.615630553054757e-05,gini,3,8,"{'criterion': 'gini', 'max_depth': 3, 'min_samples_split': 8}",0.6810647915620291,0.6850828729281768,0.7011551983927674,0.6971371170266197,0.6909547738693468,0.691078950755788,0.0074092361087850075,57
0.03729996681213379,0.001098943226062101,0.0021455764770507814,2.3695688407103413e-05,gini,3,10,"{'criterion': 'gini', 'max_depth': 3, 'min_samples_split': 10}",0.6810647915620291,0.6850828729281768,0.7011551983927674,0.6971371170266197,0.6909547738693468,0.691078950755788,0.0074092361087850075,57
0.03709592819213867,0.001116383743687672,0.0024077892303466797,0.0002659759883673782,gini,3,12,"{'criterion': 'gini', 'max_depth': 3, 'min_samples_split': 12}",0.6810647915620291,0.6850828729281768,0.7011551983927674,0.6971371170266197,0.6909547738693468,0.691078950755788,0.0074092361087850075,57
0.0368868350982666,0.0007803942570649466,0.0022864341735839844,0.00019103271354929316,gini,3,14,"{'criterion': 'gini', 'max_depth': 3, 'min_samples_split': 14}",0.6810647915620291,0.6850828729281768,0.7011551983927674,0.6971371170266197,0.6909547738693468,0.691078950755788,0.0074092361087850075,57
0.04333939552307129,0.007998427690807802,0.0034979820251464845,0.0007458961823416286,gini,3,16,"{'criterion': 'gini', 'max_depth': 3, 'min_samples_split': 16}",0.6810647915620291,0.6850828729281768,0.7011551983927674,0.6971371170266197,0.6909547738693468,0.691078950755788,0.0074092361087850075,57
0.03804693222045898,0.0006047571849212588,0.0022690296173095703,6.483354784227374e-05,gini,3,18,"{'criterion': 'gini', 'max_depth': 3, 'min_samples_split': 18}",0.6810647915620291,0.6850828729281768,0.7011551983927674,0.6971371170266197,0.6909547738693468,0.691078950755788,0.0074092361087850075,57
0.05034818649291992,0.0016877731378825388,0.002340841293334961,0.00010915201470654096,gini,4,2,"{'criterion': 'gini', 'max_depth': 4, 'min_samples_split': 2}",0.6896032144650929,0.6956303365143144,0.7192365645404319,0.6996484178804621,0.6874371859296482,0.6983111438659899,0.011321830734481788,1
0.04918622970581055,0.0004716739785699047,0.0024807929992675783,0.0003775328922730352,gini,4,4,"{'criterion': 'gini', 'max_depth': 4, 'min_samples_split': 4}",0.6896032144650929,0.6956303365143144,0.7192365645404319,0.6996484178804621,0.6874371859296482,0.6983111438659899,0.011321830734481788,1
0.05090632438659668,0.001980849995163088,0.0023029804229736327,7.851534678333664e-05,gini,4,6,"{'criterion': 'gini', 'max_depth': 4, 'min_samples_split': 6}",0.6896032144650929,0.6956303365143144,0.7192365645404319,0.6996484178804621,0.6874371859296482,0.6983111438659899,0.011321830734481788,1
0.0487760066986084,0.0005129900623265674,0.0022463321685791014,6.661764953535637e-05,gini,4,8,"{'criterion': 'gini', 'max_depth': 4, 'min_samples_split': 8}",0.6896032144650929,0.6956303365143144,0.7192365645404319,0.6996484178804621,0.6874371859296482,0.6983111438659899,0.011321830734481788,1
0.04783053398132324,0.0011556228893591645,0.002904653549194336,0.0011469109627589749,gini,4,10,"{'criterion': 'gini', 'max_depth': 4, 'min_samples_split': 10}",0.6896032144650929,0.6956303365143144,0.7192365645404319,0.6996484178804621,0.6874371859296482,0.6983111438659899,0.011321830734481788,1
0.04674639701843262,8.339629706555113e-05,0.0022498607635498048,4.8366098562067075e-05,gini,4,12,"{'criterion': 'gini', 'max_depth': 4, 'min_samples_split': 12}",0.6896032144650929,0.6956303365143144,0.7192365645404319,0.6996484178804621,0.6874371859296482,0.6983111438659899,0.011321830734481788,1
0.04753894805908203,0.0010304653261945253,0.002225780487060547,1.8280720259865165e-05,gini,4,14,"{'criterion': 'gini', 'max_depth': 4, 'min_samples_split': 14}",0.6896032144650929,0.6956303365143144,0.7192365645404319,0.6996484178804621,0.6874371859296482,0.6983111438659899,0.011321830734481788,1
0.04647064208984375,0.00018594656128333254,0.002266407012939453,0.00012284226636210643,gini,4,16,"{'criterion': 'gini', 'max_depth': 4, 'min_samples_split': 16}",0.6896032144650929,0.6956303365143144,0.7192365645404319,0.6996484178804621,0.6874371859296482,0.6983111438659899,0.011321830734481788,1
0.04731912612915039,0.0009913470138399269,0.002469778060913086,0.0003920129580313424,gini,4,18,"{'criterion': 'gini', 'max_depth': 4, 'min_samples_split': 18}",0.6896032144650929,0.6956303365143144,0.7192365645404319,0.6996484178804621,0.6874371859296482,0.6983111438659899,0.011321830734481788,1
0.05688357353210449,0.000906298697938408,0.002374887466430664,0.0002542956068027277,gini,5,2,"{'criterion': 'gini', 'max_depth': 5, 'min_samples_split': 2}",0.683073832245103,0.6961325966850829,0.7157207433450528,0.7001506780512305,0.6904522613065327,0.6971060223266005,0.010935266057589507,16
0.057260990142822266,0.0009219374244504901,0.0023371219635009766,0.0003138119499006953,gini,5,4,"{'criterion': 'gini', 'max_depth': 5, 'min_samples_split': 4}",0.683073832245103,0.6961325966850829,0.7157207433450528,0.7001506780512305,0.6904522613065327,0.6971060223266005,0.010935266057589507,16
0.05744609832763672,0.0010972362303347317,0.002296733856201172,0.00010033082137011658,gini,5,6,"{'criterion': 'gini', 'max_depth': 5, 'min_samples_split': 6}",0.683073832245103,0.6961325966850829,0.7157207433450528,0.7001506780512305,0.6894472361809045,0.6969050173014748,0.011064200587155383,27
0.05677471160888672,0.000202423107978105,0.00219268798828125,4.69170933340179e-05,gini,5,8,"{'criterion': 'gini', 'max_depth': 5, 'min_samples_split': 8}",0.683073832245103,0.6961325966850829,0.7157207433450528,0.7001506780512305,0.6894472361809045,0.6969050173014748,0.011064200587155383,27
0.05746746063232422,0.001296812449316152,0.0022150516510009766,3.060596303245513e-05,gini,5,10,"{'criterion': 'gini', 'max_depth': 5, 'min_samples_split': 10}",0.683073832245103,0.6961325966850829,0.7157207433450528,0.7001506780512305,0.6894472361809045,0.6969050173014748,0.011064200587155383,27
0.05754070281982422,0.0004954547895994506,0.0022155284881591798,3.486087295134064e-05,gini,5,12,"{'criterion': 'gini', 'max_depth': 5, 'min_samples_split': 12}",0.683073832245103,0.6961325966850829,0.7157207433450528,0.7001506780512305,0.6894472361809045,0.6969050173014748,0.011064200587155383,27
0.05742645263671875,0.0022480700651960296,0.0021981239318847657,3.710289507604536e-05,gini,5,14,"{'criterion': 'gini', 'max_depth': 5, 'min_samples_split': 14}",0.683073832245103,0.695128076343546,0.7157207433450528,0.7001506780512305,0.6894472361809045,0.6967041132331674,0.011085501761310334,34
0.05809173583984375,0.0014026574006148703,0.002330112457275391,0.00014822538094113916,gini,5,16,"{'criterion': 'gini', 'max_depth': 5, 'min_samples_split': 16}",0.683073832245103,0.695128076343546,0.7157207433450528,0.7001506780512305,0.6894472361809045,0.6967041132331674,0.011085501761310334,34
0.05671815872192383,0.0005124196556101568,0.0022940635681152344,0.0002235693616909697,gini,5,18,"{'criterion': 'gini', 'max_depth': 5, 'min_samples_split': 18}",0.683073832245103,0.695128076343546,0.7157207433450528,0.7001506780512305,0.6894472361809045,0.6967041132331674,0.011085501761310334,34
0.06779193878173828,0.0014131612744729255,0.0024119853973388673,0.00016334255738189706,gini,6,2,"{'criterion': 'gini', 'max_depth': 6, 'min_samples_split': 2}",0.6785534907081868,0.6860873932697137,0.6971371170266197,0.6921145153189352,0.6889447236180904,0.6885674479883093,0.006206339706950355,73
0.06892957687377929,0.0017617708530580376,0.002541923522949219,0.00024067273736780764,gini,6,4,"{'criterion': 'gini', 'max_depth': 6, 'min_samples_split': 4}",0.6785534907081868,0.6860873932697137,0.6971371170266197,0.6921145153189352,0.6889447236180904,0.6885674479883093,0.006206339706950355,73
0.06682462692260742,0.00045137009456726725,0.00228424072265625,8.247413864540497e-05,gini,6,6,"{'criterion': 'gini', 'max_depth': 6, 'min_samples_split': 6}",0.6785534907081868,0.6860873932697137,0.6971371170266197,0.6921145153189352,0.6879396984924623,0.6883664429631835,0.006207140730133698,77
0.06799478530883789,0.0027848830629544686,0.0023540496826171876,0.0002269687070831817,gini,6,8,"{'criterion': 'gini', 'max_depth': 6, 'min_samples_split': 8}",0.6785534907081868,0.6860873932697137,0.6971371170266197,0.6921145153189352,0.6879396984924623,0.6883664429631835,0.006207140730133698,77
0.06791353225708008,0.001520130273605621,0.0025153160095214844,0.00029252605282522145,gini,6,10,"{'criterion': 'gini', 'max_depth': 6, 'min_samples_split': 10}",0.6785534907081868,0.6865896534404822,0.6971371170266197,0.6921145153189352,0.6879396984924623,0.6884668949973373,0.00617341786476943,75
0.06863799095153808,0.0008612991282671617,0.002248191833496094,5.698365644134573e-05,gini,6,12,"{'criterion': 'gini', 'max_depth': 6, 'min_samples_split': 12}",0.6785534907081868,0.6865896534404822,0.6961325966850829,0.6921145153189352,0.6884422110552764,0.6883664934415927,0.0058960655317590585,76
0.06950497627258301,0.0010667234851988784,0.0022572040557861327,5.0507747861648595e-05,gini,6,14,"{'criterion': 'gini', 'max_depth': 6, 'min_samples_split': 14}",0.6785534907081868,0.6855851330989452,0.6961325966850829,0.6921145153189352,0.6884422110552764,0.6881655893732853,0.0059698398055019804,79
0.06813874244689941,0.001188049321152574,0.0023784637451171875,0.00016646903545446647,gini,6,16,"{'criterion': 'gini', 'max_depth': 6, 'min_samples_split': 16}",0.6785534907081868,0.6855851330989452,0.6961325966850829,0.6921145153189352,0.6884422110552764,0.6881655893732853,0.0059698398055019804,79
0.06777782440185547,0.000791903617734854,0.002396965026855469,0.0002792467915753265,gini,6,18,"{'criterion': 'gini', 'max_depth': 6, 'min_samples_split': 18}",0.6785534907081868,0.6855851330989452,0.6961325966850829,0.6906077348066298,0.6884422110552764,0.6878642332708242,0.005798463886370348,81
0.07886772155761719,0.0016438948504724636,0.002543783187866211,0.0003153322216386965,gini,7,2,"{'criterion': 'gini', 'max_depth': 7, 'min_samples_split': 2}",0.6735308890005023,0.687594173782019,0.6986438975389252,0.6845806127574083,0.6844221105527638,0.6857543367263237,0.008026093784299745,91
0.07766313552856445,0.0008454126268609814,0.002589702606201172,0.00047307908196125425,gini,7,4,"{'criterion': 'gini', 'max_depth': 7, 'min_samples_split': 4}",0.6730286288297338,0.6865896534404822,0.6991461577096936,0.6840783525866398,0.6849246231155779,0.6855534831364254,0.008309968729452142,93
0.07669949531555176,0.0006578343540772903,0.002321767807006836,0.00015170448102761318,gini,7,6,"{'criterion': 'gini', 'max_depth': 7, 'min_samples_split': 6}",0.6730286288297338,0.6870919136112507,0.6991461577096936,0.6840783525866398,0.6834170854271356,0.6853524276328906,0.008373023761081233,95
0.07750959396362304,0.0009413109887073705,0.002375507354736328,0.0002679789023652262,gini,7,8,"{'criterion': 'gini', 'max_depth': 7, 'min_samples_split': 8}",0.6730286288297338,0.6860873932697137,0.6991461577096936,0.6845806127574083,0.6839195979899497,0.6853524781112998,0.008310618266226215,94
0.07639155387878419,0.0005552147105317368,0.0023260593414306642,0.00015628889068322282,gini,7,10,"{'criterion': 'gini', 'max_depth': 7, 'min_samples_split': 10}",0.6740331491712708,0.687594173782019,0.6986438975389252,0.6840783525866398,0.6839195979899497,0.6856538342137609,0.007912480032531586,92
0.07656025886535645,0.0007615716116573996,0.0023201465606689452,0.00013035916873174627,gini,7,12,"{'criterion': 'gini', 'max_depth': 7, 'min_samples_split': 12}",0.6740331491712708,0.6865896534404822,0.6976393771973882,0.683073832245103,0.6839195979899497,0.6850511220088388,0.007581780721211609,98
0.0763890266418457,0.0003110743018857443,0.002388763427734375,0.000232795074969461,gini,7,14,"{'criterion': 'gini', 'max_depth': 7, 'min_samples_split': 14}",0.6740331491712708,0.6840783525866398,0.6976393771973882,0.6845806127574083,0.6849246231155779,0.685051222965657,0.007497246899561333,96
0.07941255569458008,0.0032961807527430134,0.0024968624114990235,0.0004173678750761794,gini,7,16,"{'criterion': 'gini', 'max_depth': 7, 'min_samples_split': 16}",0.6730286288297338,0.6850828729281768,0.6981416373681567,0.683073832245103,0.6849246231155779,0.6848503188973496,0.007995336266435518,99
0.09191770553588867,0.016639007863506475,0.0030908107757568358,0.0007278476246169226,gini,7,18,"{'criterion': 'gini', 'max_depth': 7, 'min_samples_split': 18}",0.6730286288297338,0.6850828729281768,0.6981416373681567,0.6840783525866398,0.6849246231155779,0.685051222965657,0.007960718874609796,96
0.08774862289428711,0.002621878604168876,0.00246281623840332,0.00023374304581343506,gini,8,2,"{'criterion': 'gini', 'max_depth': 8, 'min_samples_split': 2}",0.6750376695128076,0.6795580110497238,0.7036664992466097,0.683073832245103,0.6733668341708543,0.6829405692450197,0.010909957477921414,111
0.08721413612365722,0.0017518325960489806,0.0023198604583740236,6.487726585855752e-05,gini,8,4,"{'criterion': 'gini', 'max_depth': 8, 'min_samples_split': 4}",0.6745354093420391,0.6805625313912607,0.7031642390758412,0.6835760924158715,0.6753768844221105,0.6834430313294246,0.01040816482886717,106
0.08703570365905762,0.001569200302319577,0.002314472198486328,8.267517553286296e-05,gini,8,6,"{'criterion': 'gini', 'max_depth': 8, 'min_samples_split': 6}",0.6750376695128076,0.6825715720743345,0.7046710195881467,0.6825715720743345,0.6743718592964824,0.6838447385092211,0.0109934143377477,103
0.08719635009765625,0.0018728912745370253,0.002304840087890625,0.00011319780706365532,gini,8,8,"{'criterion': 'gini', 'max_depth': 8, 'min_samples_split': 8}",0.6745354093420391,0.6845806127574083,0.7041687594173782,0.682069311903566,0.6728643216080402,0.6836436830056865,0.011169516772945877,105
0.08675765991210938,0.0021341010000266863,0.002274179458618164,2.453863504209828e-05,gini,8,10,"{'criterion': 'gini', 'max_depth': 8, 'min_samples_split': 10}",0.6745354093420391,0.682069311903566,0.7036664992466097,0.6810647915620291,0.6728643216080402,0.6828400667324569,0.011008803580435992,113
0.08587841987609864,0.000950054623606289,0.00251622200012207,0.00038332809543402386,gini,8,12,"{'criterion': 'gini', 'max_depth': 8, 'min_samples_split': 12}",0.6755399296835761,0.683073832245103,0.7026619789050729,0.683073832245103,0.671859296482412,0.6832417739122534,0.010640300444385187,107
0.08639421463012695,0.0018347914546846002,0.002327585220336914,8.852859078590489e-05,gini,8,14,"{'criterion': 'gini', 'max_depth': 8, 'min_samples_split': 14}",0.6745354093420391,0.6815670517327976,0.7026619789050729,0.682069311903566,0.6738693467336684,0.6829406197234288,0.010435644968313503,110
0.08613090515136719,0.001959031941575373,0.0022424697875976563,3.137813142659725e-05,gini,8,16,"{'criterion': 'gini', 'max_depth': 8, 'min_samples_split': 16}",0.6730286288297338,0.6810647915620291,0.7026619789050729,0.6800602712204922,0.6743718592964824,0.682237505962762,0.010676577360650627,124
0.08767366409301758,0.0024264083062681976,0.0023299694061279298,0.0001031095276691864,gini,8,18,"{'criterion': 'gini', 'max_depth': 8, 'min_samples_split': 18}",0.6745354093420391,0.6790557508789553,0.7021597187343044,0.6800602712204922,0.6743718592964824,0.6820366018944546,0.010322280328118173,125
0.09671964645385742,0.0031257672319447934,0.002660369873046875,0.0005042559283277351,gini,9,2,"{'criterion': 'gini', 'max_depth': 9, 'min_samples_split': 2}",0.6725263686589653,0.6659969864389754,0.6986438975389252,0.6705173279758915,0.6658291457286433,0.6747027452682801,0.012247155675397225,159
0.09615025520324708,0.002277923690233527,0.0026355743408203124,0.0006181856135878433,gini,9,4,"{'criterion': 'gini', 'max_depth': 9, 'min_samples_split': 4}",0.6700150678051231,0.6675037669512808,0.6976393771973882,0.6730286288297338,0.6663316582914572,0.6749036998149966,0.011597970015763213,158
0.09545049667358399,0.0016103804457292088,0.0023101806640625,2.696411888079797e-05,gini,9,6,"{'criterion': 'gini', 'max_depth': 9, 'min_samples_split': 6}",0.6670015067805123,0.6654947262682069,0.6986438975389252,0.6705173279758915,0.6663316582914572,0.6735978233709987,0.01263933553069067,163
0.09863152503967285,0.0019574110028726566,0.002292346954345703,7.55311262727028e-05,gini,9,8,"{'criterion': 'gini', 'max_depth': 9, 'min_samples_split': 8}",0.6725263686589653,0.6670015067805123,0.6991461577096936,0.6785534907081868,0.664321608040201,0.6763098263795119,0.012419410640387723,154
0.0990325927734375,0.003967588484726956,0.002418804168701172,0.00011107628626663762,gini,9,10,"{'criterion': 'gini', 'max_depth': 9, 'min_samples_split': 10}",0.6700150678051231,0.6680060271220493,0.6981416373681567,0.676544450025113,0.664321608040201,0.6754057580721285,0.012040687425109758,155
0.096441650390625,0.0021105670480578314,0.002409696578979492,7.624401008091975e-05,gini,9,12,"{'criterion': 'gini', 'max_depth': 9, 'min_samples_split': 12}",0.67101958814666,0.6685082872928176,0.6971371170266197,0.6755399296835761,0.6638190954773869,0.6752048035254121,0.011602865079211686,157
0.09543843269348144,0.0021475769221079846,0.002456188201904297,0.00019728839935410976,gini,9,14,"{'criterion': 'gini', 'max_depth': 9, 'min_samples_split': 14}",0.6720241084881969,0.6659969864389754,0.6966348568558514,0.676544450025113,0.6648241206030151,0.6752049044822304,0.0115212944827485,156
0.09586243629455567,0.0017339647727500232,0.0022719860076904296,4.785188583890022e-05,gini,9,16,"{'criterion': 'gini', 'max_depth': 9, 'min_samples_split': 16}",0.6675037669512808,0.6664992466097438,0.6976393771973882,0.6745354093420391,0.6663316582914572,0.6745018916783818,0.011959206921560349,160
0.09481902122497558,0.0015974218623795537,0.002419853210449219,0.00018669636865215487,gini,9,18,"{'criterion': 'gini', 'max_depth': 9, 'min_samples_split': 18}",0.6700150678051231,0.6654947262682069,0.6956303365143144,0.6735308890005023,0.6668341708542713,0.6743010380884835,0.01102004425031962,161
0.10593662261962891,0.0012753484939607032,0.0026295661926269533,0.0003597746754878389,gini,10,2,"{'criterion': 'gini', 'max_depth': 10, 'min_samples_split': 2}",0.6589653440482169,0.6664992466097438,0.67754897036665,0.6639879457559016,0.6482412060301508,0.6630485425621326,0.009581043456472685,190
0.10754141807556153,0.0045104185603763855,0.0026373863220214844,0.00024116531311423785,gini,10,4,"{'criterion': 'gini', 'max_depth': 10, 'min_samples_split': 4}",0.6539427423405324,0.6659969864389754,0.6805625313912607,0.6614766449020593,0.6447236180904523,0.661340504632656,0.012016950320121046,202
0.1098405361175537,0.004018879890645456,0.0029068946838378905,0.0006235294435947197,gini,10,6,"{'criterion': 'gini', 'max_depth': 10, 'min_samples_split': 6}",0.6564540431943747,0.6639879457559016,0.6825715720743345,0.6634856855851331,0.6437185929648241,0.6620435679149137,0.012604021238124026,200
0.10868582725524903,0.0014222330851759023,0.0023401737213134765,8.268397572028416e-05,gini,10,8,"{'criterion': 'gini', 'max_depth': 10, 'min_samples_split': 8}",0.6564540431943747,0.6659969864389754,0.6795580110497238,0.6619789050728278,0.6422110552763819,0.6612398002064567,0.012196151435147786,204
0.10452322959899903,0.0013366086402953417,0.0026245594024658205,0.0003773509954742972,gini,10,10,"{'criterion': 'gini', 'max_depth': 10, 'min_samples_split': 10}",0.6559517830236062,0.66449020592667,0.6815670517327976,0.6609743847312908,0.6432160804020101,0.661239901163275,0.012463148387144758,203
0.10501294136047364,0.0021592235234322125,0.0024963855743408204,0.0002928330170972187,gini,10,12,"{'criterion': 'gini', 'max_depth': 10, 'min_samples_split': 12}",0.652435961828227,0.66449020592667,0.6815670517327976,0.6619789050728278,0.6452261306532663,0.6611396510427576,0.012314248669232218,205
0.1057502269744873,0.0022226943221129543,0.002543210983276367,0.0004916945380169917,gini,10,14,"{'criterion': 'gini', 'max_depth': 10, 'min_samples_split': 14}",0.6579608237066801,0.6624811652435962,0.6805625313912607,0.6634856855851331,0.6447236180904523,0.6618427648034245,0.01150366077193611,201
0.10545849800109863,0.0020149608611319935,0.0024055004119873046,0.00012776296192088712,gini,10,16,"{'criterion': 'gini', 'max_depth': 10, 'min_samples_split': 16}",0.6499246609743847,0.6614766449020593,0.6835760924158715,0.6564540431943747,0.6442211055276382,0.6591305094028657,0.013544683984459292,207
0.10505537986755371,0.0021065119023448496,0.002355003356933594,8.614464137328258e-05,gini,10,18,"{'criterion': 'gini', 'max_depth': 10, 'min_samples_split': 18}",0.6509291813159217,0.6589653440482169,0.683073832245103,0.6569563033651431,0.6452261306532663,0.6590301583255302,0.012950523845195173,209
0.11450047492980957,0.0018502111416333336,0.0024805068969726562,0.00013015278749660566,gini,11,2,"{'criterion': 'gini', 'max_depth': 11, 'min_samples_split': 2}",0.6443997990959317,0.6589653440482169,0.6805625313912607,0.6519337016574586,0.6592964824120603,0.6590315717209856,0.012067521018766755,208
0.11439480781555175,0.002248664379338231,0.002386808395385742,3.233856030860993e-05,gini,11,4,"{'criterion': 'gini', 'max_depth': 11, 'min_samples_split': 4}",0.6438975389251632,0.6594676042189854,0.6785534907081868,0.6544450025113009,0.6618090452261306,0.6596345363179534,0.011289530890238219,206
0.11441903114318848,0.0019416865606825266,0.0026136398315429687,0.00043285200267112185,gini,11,6,"{'criterion': 'gini', 'max_depth': 11, 'min_samples_split': 6}",0.6413862380713209,0.6569563033651431,0.6825715720743345,0.6534404821697639,0.6587939698492462,0.6586297131059616,0.013418684289298315,212
0.11404156684875488,0.0030547197615843923,0.002532196044921875,0.00024629778895639206,gini,11,8,"{'criterion': 'gini', 'max_depth': 11, 'min_samples_split': 8}",0.640381717729784,0.6559517830236062,0.6810647915620291,0.6554495228528378,0.65678391959799,0.6579263469532495,0.013073181205055767,214
0.1128004550933838,0.0025375140900437392,0.0026732444763183593,0.00043838912024697006,gini,11,10,"{'criterion': 'gini', 'max_depth': 11, 'min_samples_split': 10}",0.6413862380713209,0.6594676042189854,0.6815670517327976,0.6549472626820693,0.6572864321608041,0.6589309177731955,0.012954321438299554,210
0.11202473640441894,0.0020506141484001915,0.0023740291595458984,0.00015900968536081584,gini,11,12,"{'criterion': 'gini', 'max_depth': 11, 'min_samples_split': 12}",0.6408839779005525,0.6599698643897539,0.6850828729281768,0.6529382219989954,0.6552763819095477,0.6588302638254053,0.014559626274061968,211
0.11074438095092773,0.001556655959163518,0.002754354476928711,0.0005626880229953238,gini,11,14,"{'criterion': 'gini', 'max_depth': 11, 'min_samples_split': 14}",0.6433952787543947,0.6549472626820693,0.6840783525866398,0.6564540431943747,0.6542713567839196,0.6586292588002797,0.013542603080030524,213
0.11196417808532715,0.0017385063059077478,0.0024761199951171876,0.00019043073248882164,gini,11,16,"{'criterion': 'gini', 'max_depth': 11, 'min_samples_split': 16}",0.6368658965344048,0.6559517830236062,0.6850828729281768,0.6509291813159217,0.6507537688442211,0.6559167005292661,0.015906798468094917,215
0.11191515922546387,0.002178805966452628,0.002552366256713867,0.00035951689589994146,gini,11,18,"{'criterion': 'gini', 'max_depth': 11, 'min_samples_split': 18}",0.640381717729784,0.6529382219989954,0.6815670517327976,0.6514314414866901,0.6527638190954774,0.6558164504087489,0.013697850206373405,216
0.12397899627685546,0.0026109338082925013,0.002433156967163086,0.0001457357118763368,gini,12,2,"{'criterion': 'gini', 'max_depth': 12, 'min_samples_split': 2}",0.640381717729784,0.6504269211451532,0.6735308890005023,0.6574585635359116,0.6472361809045226,0.6538068544631747,0.011288972620575153,219
0.12311053276062012,0.003925283581713449,0.0026708126068115236,0.00028002403298708607,gini,12,4,"{'criterion': 'gini', 'max_depth': 12, 'min_samples_split': 4}",0.6358613761928679,0.6484178804620794,0.6760421898543445,0.6604721245605224,0.642713567839196,0.6527014277818021,0.014190619182722323,223
0.12230358123779297,0.0027802363115049275,0.0031176090240478517,0.001045264753302112,gini,12,6,"{'criterion': 'gini', 'max_depth': 12, 'min_samples_split': 6}",0.634856855851331,0.6499246609743847,0.6780512305374183,0.6594676042189854,0.6437185929648241,0.6532037889093887,0.014791634882249062,222
0.1200096607208252,0.0018370458506272414,0.0023821353912353515,8.628046549423641e-05,gini,12,8,"{'criterion': 'gini', 'max_depth': 12, 'min_samples_split': 8}",0.6373681567051733,0.6494224008036162,0.6810647915620291,0.6629834254143646,0.6447236180904523,0.6551124785151272,0.015431401228382513,217
0.12149744033813477,0.0021662263353382422,0.0028002262115478516,0.0009072331390691698,gini,12,10,"{'criterion': 'gini', 'max_depth': 12, 'min_samples_split': 10}",0.6328478151682572,0.6509291813159217,0.6780512305374183,0.6614766449020593,0.6437185929648241,0.6534046929776961,0.015460544222446835,221
0.11928319931030273,0.0007294371132227644,0.002311563491821289,2.8047430316367247e-05,gini,12,12,"{'criterion': 'gini', 'max_depth': 12, 'min_samples_split': 12}",0.6328478151682572,0.6519337016574586,0.6815670517327976,0.6574585635359116,0.6437185929648241,0.6535051450118499,0.016297677370065697,220
0.11952400207519531,0.0010223631424477165,0.002341032028198242,3.4597156525295635e-05,gini,12,14,"{'criterion': 'gini', 'max_depth': 12, 'min_samples_split': 14}",0.633852335509794,0.6504269211451532,0.683073832245103,0.6599698643897539,0.6422110552763819,0.6539068017132371,0.01696206395020693,218
0.11955618858337402,0.001157775555550457,0.0024184703826904295,0.00010624927032406194,gini,12,16,"{'criterion': 'gini', 'max_depth': 12, 'min_samples_split': 16}",0.6313410346559518,0.6474133601205424,0.6795580110497238,0.6539427423405324,0.642713567839196,0.6509937432011894,0.016076214690282427,224
0.1194983959197998,0.0010930789323818865,0.00237421989440918,6.302506638503167e-05,gini,12,18,"{'criterion': 'gini', 'max_depth': 12, 'min_samples_split': 18}",0.6323455549974887,0.6454043194374686,0.6770467101958815,0.6554495228528378,0.6437185929648241,0.6507929400897001,0.015035516913863749,225
0.12672390937805175,0.0011875657866757333,0.002503490447998047,0.0002706192911932391,gini,13,2,"{'criterion': 'gini', 'max_depth': 13, 'min_samples_split': 2}",0.6263184329482672,0.6438975389251632,0.6499246609743847,0.6564540431943747,0.6391959798994975,0.6431581311883374,0.010221428519256115,232
0.1292044162750244,0.0013334183490729392,0.0027327537536621094,0.0003342788327866805,gini,13,4,"{'criterion': 'gini', 'max_depth': 13, 'min_samples_split': 4}",0.6298342541436464,0.6438975389251632,0.6484178804620794,0.6629834254143646,0.6417085427135678,0.6453683283317643,0.010737375159289382,227
0.1276854991912842,0.0016698239820675345,0.0025129318237304688,0.0003003878435696065,gini,13,6,"{'criterion': 'gini', 'max_depth': 13, 'min_samples_split': 6}",0.6212958312405826,0.6438975389251632,0.6539427423405324,0.6584630838774486,0.6417085427135678,0.6438615478194589,0.012873877654291647,231
0.14412059783935546,0.02220374021298837,0.0028521537780761717,0.0005998306767014161,gini,13,8,"{'criterion': 'gini', 'max_depth': 13, 'min_samples_split': 8}",0.6197890507282773,0.6484178804620794,0.6629834254143646,0.6589653440482169,0.6432160804020101,0.6466743562109897,0.015197850634739232,226
0.12607817649841307,0.0017584850048573406,0.002436113357543945,0.00010997578949674022,gini,13,10,"{'criterion': 'gini', 'max_depth': 13, 'min_samples_split': 10}",0.622802611752888,0.6449020592667002,0.6574585635359116,0.6564540431943747,0.6412060301507537,0.6445646615801256,0.012590402358742236,230
0.12811617851257323,0.003529838192861578,0.0025902271270751955,0.00015591433247046893,gini,13,12,"{'criterion': 'gini', 'max_depth': 13, 'min_samples_split': 12}",0.622802611752888,0.6449020592667002,0.6629834254143646,0.6539427423405324,0.6402010050251257,0.6449663687599221,0.013558278394034807,229
0.12732038497924805,0.004228598830067308,0.0025206089019775392,0.0001547005107977732,gini,13,14,"{'criterion': 'gini', 'max_depth': 13, 'min_samples_split': 14}",0.622802611752888,0.6479156202913109,0.6579608237066801,0.6574585635359116,0.6396984924623116,0.6451672223498204,0.013056720942188254,228
0.12480578422546387,0.0024186864464867397,0.002541351318359375,0.00030381141343656376,gini,13,16,"{'criterion': 'gini', 'max_depth': 13, 'min_samples_split': 16}",0.6197890507282773,0.645906579608237,0.6609743847312908,0.6504269211451532,0.6366834170854271,0.6427560706596771,0.013892701302335773,233
0.12429246902465821,0.0014952973323503914,0.002752542495727539,0.0007889137846240864,gini,13,18,"{'criterion': 'gini', 'max_depth': 13, 'min_samples_split': 18}",0.6253139126067303,0.6383726770467102,0.6579608237066801,0.6504269211451532,0.6386934673366834,0.6421535603683914,0.011208560407166702,234
0.01867060661315918,0.0008805047180698422,0.002127838134765625,1.1087258628336807e-05,entropy,1,2,"{'criterion': 'entropy', 'max_depth': 1, 'min_samples_split': 2}",0.6755399296835761,0.67754897036665,0.6423907584128579,0.6413862380713209,0.6743718592964824,0.6622475511661774,0.016657167864477365,191
0.017867660522460936,0.0003035223995100757,0.0021162033081054688,6.756010193116995e-05,entropy,1,4,"{'criterion': 'entropy', 'max_depth': 1, 'min_samples_split': 4}",0.6755399296835761,0.67754897036665,0.6423907584128579,0.6413862380713209,0.6743718592964824,0.6622475511661774,0.016657167864477365,191
0.017914772033691406,0.0002923640623793339,0.0021620750427246093,6.954202008516334e-05,entropy,1,6,"{'criterion': 'entropy', 'max_depth': 1, 'min_samples_split': 6}",0.6755399296835761,0.67754897036665,0.6423907584128579,0.6413862380713209,0.6743718592964824,0.6622475511661774,0.016657167864477365,191
0.017746353149414064,0.0001122283230501909,0.0021848678588867188,0.00014312877138430863,entropy,1,8,"{'criterion': 'entropy', 'max_depth': 1, 'min_samples_split': 8}",0.6755399296835761,0.67754897036665,0.6423907584128579,0.6413862380713209,0.6743718592964824,0.6622475511661774,0.016657167864477365,191
0.01839871406555176,0.0004651544742984732,0.002397298812866211,0.0006079517998289336,entropy,1,10,"{'criterion': 'entropy', 'max_depth': 1, 'min_samples_split': 10}",0.6755399296835761,0.67754897036665,0.6423907584128579,0.6413862380713209,0.6743718592964824,0.6622475511661774,0.016657167864477365,191
0.018153572082519533,0.0007547523776949682,0.0023082733154296876,0.00030394576715040436,entropy,1,12,"{'criterion': 'entropy', 'max_depth': 1, 'min_samples_split': 12}",0.6755399296835761,0.67754897036665,0.6423907584128579,0.6413862380713209,0.6743718592964824,0.6622475511661774,0.016657167864477365,191
0.017945003509521485,0.0003222282762360647,0.002151679992675781,6.97533719688278e-05,entropy,1,14,"{'criterion': 'entropy', 'max_depth': 1, 'min_samples_split': 14}",0.6755399296835761,0.67754897036665,0.6423907584128579,0.6413862380713209,0.6743718592964824,0.6622475511661774,0.016657167864477365,191
0.018068647384643553,0.00015032654235297126,0.002141714096069336,8.55317472946938e-05,entropy,1,16,"{'criterion': 'entropy', 'max_depth': 1, 'min_samples_split': 16}",0.6755399296835761,0.67754897036665,0.6423907584128579,0.6413862380713209,0.6743718592964824,0.6622475511661774,0.016657167864477365,191
0.017850303649902345,0.00037003781972073046,0.002164602279663086,0.00016122745054344688,entropy,1,18,"{'criterion': 'entropy', 'max_depth': 1, 'min_samples_split': 18}",0.6755399296835761,0.67754897036665,0.6423907584128579,0.6413862380713209,0.6743718592964824,0.6622475511661774,0.016657167864477365,191
0.03297567367553711,0.0025939682256231555,0.0021968364715576174,0.00010388151119323742,entropy,2,2,"{'criterion': 'entropy', 'max_depth': 2, 'min_samples_split': 2}",0.6755399296835761,0.67754897036665,0.6936212958312405,0.6911099949773983,0.6743718592964824,0.6824384100310694,0.008207535712885858,114
0.03163967132568359,0.00025302534274905997,0.002114534378051758,2.6924626077545752e-05,entropy,2,4,"{'criterion': 'entropy', 'max_depth': 2, 'min_samples_split': 4}",0.6755399296835761,0.67754897036665,0.6936212958312405,0.6911099949773983,0.6743718592964824,0.6824384100310694,0.008207535712885858,114
0.03160853385925293,0.0002532062511911471,0.002385234832763672,0.000177535740254208,entropy,2,6,"{'criterion': 'entropy', 'max_depth': 2, 'min_samples_split': 6}",0.6755399296835761,0.67754897036665,0.6936212958312405,0.6911099949773983,0.6743718592964824,0.6824384100310694,0.008207535712885858,114
0.03241786956787109,0.0006768494196657031,0.002136707305908203,4.086831055602066e-05,entropy,2,8,"{'criterion': 'entropy', 'max_depth': 2, 'min_samples_split': 8}",0.6755399296835761,0.67754897036665,0.6936212958312405,0.6911099949773983,0.6743718592964824,0.6824384100310694,0.008207535712885858,114
0.031613731384277345,0.00019063903070023827,0.0023335933685302733,0.00015221008078876373,entropy,2,10,"{'criterion': 'entropy', 'max_depth': 2, 'min_samples_split': 10}",0.6755399296835761,0.67754897036665,0.6936212958312405,0.6911099949773983,0.6743718592964824,0.6824384100310694,0.008207535712885858,114
0.03164253234863281,0.0005124797147761537,0.002132272720336914,1.1509075043903801e-05,entropy,2,12,"{'criterion': 'entropy', 'max_depth': 2, 'min_samples_split': 12}",0.6755399296835761,0.67754897036665,0.6936212958312405,0.6911099949773983,0.6743718592964824,0.6824384100310694,0.008207535712885858,114
0.032210254669189455,0.0009914103743417738,0.00228734016418457,0.00020360189508658816,entropy,2,14,"{'criterion': 'entropy', 'max_depth': 2, 'min_samples_split': 14}",0.6755399296835761,0.67754897036665,0.6936212958312405,0.6911099949773983,0.6743718592964824,0.6824384100310694,0.008207535712885858,114
0.031099271774291993,0.00044827312373472164,0.002107715606689453,7.752829646498346e-05,entropy,2,16,"{'criterion': 'entropy', 'max_depth': 2, 'min_samples_split': 16}",0.6755399296835761,0.67754897036665,0.6936212958312405,0.6911099949773983,0.6743718592964824,0.6824384100310694,0.008207535712885858,114
0.03108677864074707,0.0007942871161329656,0.0021294116973876952,9.985300275413245e-05,entropy,2,18,"{'criterion': 'entropy', 'max_depth': 2, 'min_samples_split': 18}",0.6755399296835761,0.67754897036665,0.6936212958312405,0.6911099949773983,0.6743718592964824,0.6824384100310694,0.008207535712885858,114
0.044580841064453126,0.0008412209946117219,0.002203369140625,0.00014220404948541495,entropy,3,2,"{'criterion': 'entropy', 'max_depth': 3, 'min_samples_split': 2}",0.6815670517327976,0.6850828729281768,0.6936212958312405,0.687594173782019,0.6909547738693468,0.6877640336287161,0.00424519501272389,82
0.04482975006103516,0.0013921542743808239,0.002174997329711914,0.00011214441561812747,entropy,3,4,"{'criterion': 'entropy', 'max_depth': 3, 'min_samples_split': 4}",0.6815670517327976,0.6850828729281768,0.6936212958312405,0.687594173782019,0.6909547738693468,0.6877640336287161,0.00424519501272389,82
0.045070314407348634,0.0011244628903859758,0.0022375106811523436,0.0001908987890584395,entropy,3,6,"{'criterion': 'entropy', 'max_depth': 3, 'min_samples_split': 6}",0.6815670517327976,0.6850828729281768,0.6936212958312405,0.687594173782019,0.6909547738693468,0.6877640336287161,0.00424519501272389,82
0.044228744506835935,0.00034983139181720167,0.0022163867950439455,9.490154433211814e-05,entropy,3,8,"{'criterion': 'entropy', 'max_depth': 3, 'min_samples_split': 8}",0.6815670517327976,0.6850828729281768,0.6936212958312405,0.687594173782019,0.6909547738693468,0.6877640336287161,0.00424519501272389,82
0.04487786293029785,0.000960279900642441,0.0021704673767089845,0.00010232147692076739,entropy,3,10,"{'criterion': 'entropy', 'max_depth': 3, 'min_samples_split': 10}",0.6815670517327976,0.6850828729281768,0.6936212958312405,0.687594173782019,0.6909547738693468,0.6877640336287161,0.00424519501272389,82
0.04388866424560547,5.348693264915101e-05,0.0021280288696289063,7.535182888370223e-05,entropy,3,12,"{'criterion': 'entropy', 'max_depth': 3, 'min_samples_split': 12}",0.6815670517327976,0.6850828729281768,0.6936212958312405,0.687594173782019,0.6909547738693468,0.6877640336287161,0.00424519501272389,82
0.044969797134399414,0.0013021947428807185,0.002164125442504883,0.0001059841785463468,entropy,3,14,"{'criterion': 'entropy', 'max_depth': 3, 'min_samples_split': 14}",0.6815670517327976,0.6850828729281768,0.6936212958312405,0.687594173782019,0.6909547738693468,0.6877640336287161,0.00424519501272389,82
0.043880367279052736,0.0002725684616488719,0.002128314971923828,6.256048998944074e-05,entropy,3,16,"{'criterion': 'entropy', 'max_depth': 3, 'min_samples_split': 16}",0.6815670517327976,0.6850828729281768,0.6936212958312405,0.687594173782019,0.6909547738693468,0.6877640336287161,0.00424519501272389,82
0.04510574340820313,0.0010433185841521248,0.002225971221923828,0.0001776208237484446,entropy,3,18,"{'criterion': 'entropy', 'max_depth': 3, 'min_samples_split': 18}",0.6815670517327976,0.6850828729281768,0.6936212958312405,0.687594173782019,0.6909547738693468,0.6877640336287161,0.00424519501272389,82
0.0573481559753418,0.00024585363194533014,0.002129268646240234,3.8641289888087044e-05,entropy,4,2,"{'criterion': 'entropy', 'max_depth': 4, 'min_samples_split': 2}",0.6901054746358614,0.6956303365143144,0.7066800602712205,0.6986438975389252,0.6894472361809045,0.6961014010282451,0.006305922054395564,37
0.057982683181762695,0.0006490082876083315,0.002189493179321289,9.30667893138159e-05,entropy,4,4,"{'criterion': 'entropy', 'max_depth': 4, 'min_samples_split': 4}",0.6901054746358614,0.6956303365143144,0.7066800602712205,0.6986438975389252,0.6894472361809045,0.6961014010282451,0.006305922054395564,37
0.05783271789550781,0.0010697322870712876,0.002206563949584961,6.526488143646465e-05,entropy,4,6,"{'criterion': 'entropy', 'max_depth': 4, 'min_samples_split': 6}",0.6901054746358614,0.6956303365143144,0.7066800602712205,0.6986438975389252,0.6894472361809045,0.6961014010282451,0.006305922054395564,37
0.05748782157897949,0.0007660346071139328,0.0022002696990966798,0.000139612969065787,entropy,4,8,"{'criterion': 'entropy', 'max_depth': 4, 'min_samples_split': 8}",0.6901054746358614,0.6956303365143144,0.7066800602712205,0.6986438975389252,0.6894472361809045,0.6961014010282451,0.006305922054395564,37
0.05822148323059082,0.0011005215730039452,0.0021820068359375,7.492612534220646e-05,entropy,4,10,"{'criterion': 'entropy', 'max_depth': 4, 'min_samples_split': 10}",0.6901054746358614,0.6956303365143144,0.7066800602712205,0.6986438975389252,0.6894472361809045,0.6961014010282451,0.006305922054395564,37
0.05719060897827148,0.0002753355115695747,0.0021495819091796875,4.546136557901447e-05,entropy,4,12,"{'criterion': 'entropy', 'max_depth': 4, 'min_samples_split': 12}",0.6901054746358614,0.6956303365143144,0.7066800602712205,0.6986438975389252,0.6894472361809045,0.6961014010282451,0.006305922054395564,37
0.05814805030822754,0.0012385718066873015,0.0023747920989990235,0.00035132890024030654,entropy,4,14,"{'criterion': 'entropy', 'max_depth': 4, 'min_samples_split': 14}",0.6901054746358614,0.6956303365143144,0.7066800602712205,0.6986438975389252,0.6894472361809045,0.6961014010282451,0.006305922054395564,37
0.05777478218078613,0.0011404693556411067,0.0021799087524414064,8.31320696877798e-05,entropy,4,16,"{'criterion': 'entropy', 'max_depth': 4, 'min_samples_split': 16}",0.6901054746358614,0.6956303365143144,0.7066800602712205,0.6986438975389252,0.6894472361809045,0.6961014010282451,0.006305922054395564,37
0.05728578567504883,0.0005831440445643871,0.0021379470825195314,3.424985582343663e-05,entropy,4,18,"{'criterion': 'entropy', 'max_depth': 4, 'min_samples_split': 18}",0.6901054746358614,0.6956303365143144,0.7066800602712205,0.6986438975389252,0.6894472361809045,0.6961014010282451,0.006305922054395564,37
0.07131419181823731,0.0014638292085624354,0.0021793365478515623,4.912866917098421e-05,entropy,5,2,"{'criterion': 'entropy', 'max_depth': 5, 'min_samples_split': 2}",0.682069311903566,0.6961325966850829,0.7122049221496736,0.7031642390758412,0.6914572864321608,0.6970056712492648,0.010233150535248222,21
0.07215542793273926,0.0026864851176570596,0.0022658348083496095,8.712541720048025e-05,entropy,5,4,"{'criterion': 'entropy', 'max_depth': 5, 'min_samples_split': 4}",0.682069311903566,0.6961325966850829,0.7122049221496736,0.7031642390758412,0.6914572864321608,0.6970056712492648,0.010233150535248222,21
0.07258238792419433,0.0015200822338036898,0.0023091793060302734,0.00013293315180743287,entropy,5,6,"{'criterion': 'entropy', 'max_depth': 5, 'min_samples_split': 6}",0.682069311903566,0.6961325966850829,0.7122049221496736,0.7031642390758412,0.6914572864321608,0.6970056712492648,0.010233150535248222,21
0.07384576797485351,0.0016354640181056143,0.0022779464721679687,0.0001322619927882573,entropy,5,8,"{'criterion': 'entropy', 'max_depth': 5, 'min_samples_split': 8}",0.682069311903566,0.6961325966850829,0.7122049221496736,0.7031642390758412,0.6914572864321608,0.6970056712492648,0.010233150535248222,21
0.07616419792175293,0.003901197227405665,0.00236968994140625,0.00014737364989823496,entropy,5,10,"{'criterion': 'entropy', 'max_depth': 5, 'min_samples_split': 10}",0.682069311903566,0.6961325966850829,0.7122049221496736,0.7031642390758412,0.6914572864321608,0.6970056712492648,0.010233150535248222,21
0.0727360725402832,0.0010724189854286901,0.0024081707000732423,0.00018246612340437913,entropy,5,12,"{'criterion': 'entropy', 'max_depth': 5, 'min_samples_split': 12}",0.682069311903566,0.6961325966850829,0.7122049221496736,0.7031642390758412,0.6914572864321608,0.6970056712492648,0.010233150535248222,21
0.07180371284484863,0.0013286582276355124,0.0024514198303222656,0.00032377211440103243,entropy,5,14,"{'criterion': 'entropy', 'max_depth': 5, 'min_samples_split': 14}",0.682069311903566,0.695128076343546,0.7122049221496736,0.7031642390758412,0.6914572864321608,0.6968047671809574,0.010258149351586794,31
0.0713834285736084,0.0009332403479308954,0.0022190570831298827,6.3848584511932e-05,entropy,5,16,"{'criterion': 'entropy', 'max_depth': 5, 'min_samples_split': 16}",0.682069311903566,0.695128076343546,0.7122049221496736,0.7031642390758412,0.6914572864321608,0.6968047671809574,0.010258149351586794,31
0.07247581481933593,0.0022017652331885735,0.0022243499755859376,5.156693491695163e-05,entropy,5,18,"{'criterion': 'entropy', 'max_depth': 5, 'min_samples_split': 18}",0.682069311903566,0.695128076343546,0.7117026619789051,0.7031642390758412,0.6914572864321608,0.6967043151468038,0.010108216300532137,33
0.0867452621459961,0.0036760243005915863,0.0022321224212646486,5.238255313392426e-05,entropy,6,2,"{'criterion': 'entropy', 'max_depth': 6, 'min_samples_split': 2}",0.6800602712204922,0.6891009542943245,0.7142139628327474,0.7066800602712205,0.6959798994974874,0.6972070296232544,0.012167166606535884,10
0.08531498908996582,0.0017448439405737483,0.002377223968505859,0.00025060546008702614,entropy,6,4,"{'criterion': 'entropy', 'max_depth': 6, 'min_samples_split': 4}",0.6800602712204922,0.6891009542943245,0.7142139628327474,0.7066800602712205,0.6959798994974874,0.6972070296232544,0.012167166606535884,10
0.08452782630920411,0.00154204905675425,0.0022716522216796875,0.00017396827183460684,entropy,6,6,"{'criterion': 'entropy', 'max_depth': 6, 'min_samples_split': 6}",0.6800602712204922,0.6891009542943245,0.7142139628327474,0.7066800602712205,0.6959798994974874,0.6972070296232544,0.012167166606535884,10
0.08576002120971679,0.0005548017978845074,0.002235603332519531,5.493101973977469e-05,entropy,6,8,"{'criterion': 'entropy', 'max_depth': 6, 'min_samples_split': 8}",0.6800602712204922,0.6891009542943245,0.7142139628327474,0.7066800602712205,0.6949748743718593,0.6970060245981287,0.012194050760728749,20
0.08379807472229003,0.001504234436879863,0.002196788787841797,7.618702907199795e-05,entropy,6,10,"{'criterion': 'entropy', 'max_depth': 6, 'min_samples_split': 10}",0.6800602712204922,0.6896032144650929,0.7142139628327474,0.7066800602712205,0.6949748743718593,0.6971064766322824,0.012130419432797942,15
0.08503236770629882,0.0012886356322670952,0.002230978012084961,8.680448194094835e-05,entropy,6,12,"{'criterion': 'entropy', 'max_depth': 6, 'min_samples_split': 12}",0.6800602712204922,0.6896032144650929,0.7142139628327474,0.7066800602712205,0.6954773869346733,0.6972069791448453,0.012114413558642182,13
0.08574151992797852,0.0023196900630302855,0.002270412445068359,6.337260912202748e-05,entropy,6,14,"{'criterion': 'entropy', 'max_depth': 6, 'min_samples_split': 14}",0.6800602712204922,0.688598694123556,0.7142139628327474,0.7066800602712205,0.6954773869346733,0.6970060750765379,0.012246457453716632,18
0.08460803031921386,0.0013592959050409735,0.0021709442138671876,2.7382910946969698e-05,entropy,6,16,"{'criterion': 'entropy', 'max_depth': 6, 'min_samples_split': 16}",0.6795580110497238,0.688598694123556,0.7152184831742843,0.7066800602712205,0.6954773869346733,0.6971065271106915,0.01267030564285971,14
0.08462648391723633,0.0014899169819330047,0.0021624088287353514,2.7413948402628692e-05,entropy,6,18,"{'criterion': 'entropy', 'max_depth': 6, 'min_samples_split': 18}",0.6795580110497238,0.688598694123556,0.7147162230035158,0.7066800602712205,0.6954773869346733,0.6970060750765379,0.01252749942606123,18
0.09686455726623536,0.0011809954669694078,0.0022697925567626955,0.00013077422282713888,entropy,7,2,"{'criterion': 'entropy', 'max_depth': 7, 'min_samples_split': 2}",0.6790557508789553,0.6865896534404822,0.7132094424912104,0.6961325966850829,0.6909547738693468,0.6931884434730156,0.011469740621066437,46
0.09732766151428222,0.001627554174520968,0.0022541046142578124,9.025641950573587e-05,entropy,7,4,"{'criterion': 'entropy', 'max_depth': 7, 'min_samples_split': 4}",0.6790557508789553,0.6855851330989452,0.7132094424912104,0.6956303365143144,0.6909547738693468,0.6928870873705545,0.011566172870143832,49
0.09666604995727539,0.001416053044404337,0.002262783050537109,0.00014146332079058424,entropy,7,6,"{'criterion': 'entropy', 'max_depth': 7, 'min_samples_split': 6}",0.6790557508789553,0.6855851330989452,0.7132094424912104,0.6956303365143144,0.6899497487437186,0.6926860823454288,0.011606669478807256,50
0.09710855484008789,0.001505622455240035,0.0022174835205078123,0.00011239006299722557,entropy,7,8,"{'criterion': 'entropy', 'max_depth': 7, 'min_samples_split': 8}",0.6790557508789553,0.6865896534404822,0.7132094424912104,0.6966348568558514,0.6904522613065327,0.6931883929946064,0.01151939138651913,47
0.0967790126800537,0.0016631893375096878,0.002213573455810547,0.0001070477224175091,entropy,7,10,"{'criterion': 'entropy', 'max_depth': 7, 'min_samples_split': 10}",0.6790557508789553,0.6860873932697137,0.7137117026619789,0.6956303365143144,0.6904522613065327,0.692987488926299,0.011701364899100277,48
0.09645543098449708,0.0015697051841437604,0.002229642868041992,0.0001268345072065712,entropy,7,12,"{'criterion': 'entropy', 'max_depth': 7, 'min_samples_split': 12}",0.6790557508789553,0.6860873932697137,0.7137117026619789,0.6936212958312405,0.6904522613065327,0.6925856807896842,0.011638036960205133,51
0.09658069610595703,0.0018435693613488785,0.0021812915802001953,1.8129847909476137e-05,entropy,7,14,"{'criterion': 'entropy', 'max_depth': 7, 'min_samples_split': 14}",0.6790557508789553,0.6850828729281768,0.712707182320442,0.694123556002009,0.6899497487437186,0.6921838221746603,0.011425687718780927,52
0.09827151298522949,0.0019345615222861696,0.0024588584899902345,0.00037291130364963443,entropy,7,16,"{'criterion': 'entropy', 'max_depth': 7, 'min_samples_split': 16}",0.6785534907081868,0.6855851330989452,0.7132094424912104,0.6931190356604722,0.6899497487437186,0.6920833701405067,0.011638046214057413,53
0.09652490615844726,0.0014319120973077532,0.002269077301025391,0.00019198564260062466,entropy,7,18,"{'criterion': 'entropy', 'max_depth': 7, 'min_samples_split': 18}",0.6780512305374183,0.6855851330989452,0.7137117026619789,0.6931190356604722,0.6899497487437186,0.6920833701405067,0.011937652511966773,53
0.10893526077270507,0.0016878578263230604,0.002210187911987305,4.000757532305163e-05,entropy,8,2,"{'criterion': 'entropy', 'max_depth': 8, 'min_samples_split': 2}",0.676544450025113,0.6815670517327976,0.7142139628327474,0.6991461577096936,0.6773869346733669,0.6897717113947437,0.01470349262602406,71
0.10891203880310059,0.0020793272922485623,0.0022389888763427734,0.0001235934870918552,entropy,8,4,"{'criterion': 'entropy', 'max_depth': 8, 'min_samples_split': 4}",0.6760421898543445,0.6815670517327976,0.7157207433450528,0.700652938221999,0.6773869346733669,0.6902739715655122,0.01548993819460651,68
0.10895867347717285,0.0018041709636385196,0.002217864990234375,6.640693188897469e-05,entropy,8,6,"{'criterion': 'entropy', 'max_depth': 8, 'min_samples_split': 6}",0.6760421898543445,0.6805625313912607,0.7147162230035158,0.7011551983927674,0.6753768844221105,0.6895706054127998,0.015697961773372727,72
0.12443575859069825,0.015859525099281672,0.0030759334564208984,0.0006527738485557096,entropy,8,8,"{'criterion': 'entropy', 'max_depth': 8, 'min_samples_split': 8}",0.6770467101958815,0.6815670517327976,0.7147162230035158,0.7026619789050729,0.6753768844221105,0.6902737696518757,0.015643404250173288,69
0.12216062545776367,0.013556735464890815,0.0028066158294677733,0.0005806526056813179,entropy,8,10,"{'criterion': 'entropy', 'max_depth': 8, 'min_samples_split': 10}",0.67754897036665,0.682069311903566,0.7167252636865896,0.7041687594173782,0.6763819095477387,0.6913788429843845,0.016179392836857688,55
0.12827062606811523,0.004728738468174145,0.002718687057495117,0.00045858237943755274,entropy,8,12,"{'criterion': 'entropy', 'max_depth': 8, 'min_samples_split': 12}",0.67754897036665,0.6800602712204922,0.7167252636865896,0.7036664992466097,0.678391959798995,0.6912785928638672,0.01600882173469711,56
0.14334592819213868,0.019561954598194882,0.004465055465698242,0.003814186116782087,entropy,8,14,"{'criterion': 'entropy', 'max_depth': 8, 'min_samples_split': 14}",0.6770467101958815,0.6795580110497238,0.7132094424912104,0.7046710195881467,0.6758793969849246,0.6900729160619774,0.015685054875547264,70
0.1225358009338379,0.0163366158992976,0.003078603744506836,0.0010474632438198918,entropy,8,16,"{'criterion': 'entropy', 'max_depth': 8, 'min_samples_split': 16}",0.67754897036665,0.6790557508789553,0.7172275238573581,0.7036664992466097,0.6773869346733669,0.6909771358045881,0.01647562702810132,66
0.10836100578308105,0.0008387208722813131,0.00220794677734375,1.7758839567572556e-05,entropy,8,18,"{'criterion': 'entropy', 'max_depth': 8, 'min_samples_split': 18}",0.67754897036665,0.6800602712204922,0.7167252636865896,0.7036664992466097,0.6768844221105528,0.6909770853261789,0.01626089894573516,67
0.127554988861084,0.004414441980082052,0.0025602340698242187,0.0003179825548879772,entropy,9,2,"{'criterion': 'entropy', 'max_depth': 9, 'min_samples_split': 2}",0.6725263686589653,0.6700150678051231,0.7031642390758412,0.6986438975389252,0.671859296482412,0.6832417739122534,0.014515209175434522,107
0.20367355346679689,0.10754963360702915,0.0054187774658203125,0.006274790628765147,entropy,9,4,"{'criterion': 'entropy', 'max_depth': 9, 'min_samples_split': 4}",0.6705173279758915,0.6680060271220493,0.7026619789050729,0.7001506780512305,0.6708542713567839,0.6824380566822057,0.015539081815984157,123
0.121207857131958,0.0010516585376036509,0.00226740837097168,9.041282686864438e-05,entropy,9,6,"{'criterion': 'entropy', 'max_depth': 9, 'min_samples_split': 6}",0.67101958814666,0.6700150678051231,0.7036664992466097,0.6946258161727775,0.6693467336683417,0.6817347410079024,0.014510753288594712,144
0.12182679176330566,0.0016987620642226122,0.0022931575775146486,9.660283047697718e-05,entropy,9,8,"{'criterion': 'entropy', 'max_depth': 9, 'min_samples_split': 8}",0.6730286288297338,0.6695128076343546,0.7026619789050729,0.7011551983927674,0.6688442211055277,0.6830405669734912,0.015478469509482591,109
0.12198758125305176,0.0031150968546541503,0.002311992645263672,0.00011086739772523371,entropy,9,10,"{'criterion': 'entropy', 'max_depth': 9, 'min_samples_split': 10}",0.67101958814666,0.6675037669512808,0.7061778001004521,0.7026619789050729,0.671356783919598,0.6837439836046127,0.016972119852930477,104
0.12515406608581542,0.0021314019497656526,0.002289104461669922,3.776158929062916e-05,entropy,9,12,"{'criterion': 'entropy', 'max_depth': 9, 'min_samples_split': 12}",0.6720241084881969,0.6695128076343546,0.7051732797589151,0.7026619789050729,0.671356783919598,0.6841457917412275,0.016184082236821738,100
0.12127361297607422,0.0009003435069338348,0.0023154735565185545,8.085988517959639e-05,entropy,9,14,"{'criterion': 'entropy', 'max_depth': 9, 'min_samples_split': 14}",0.6705173279758915,0.6659969864389754,0.7026619789050729,0.7021597187343044,0.6733668341708543,0.6829405692450197,0.016071017586187036,111
0.11933097839355469,0.0007412184404028296,0.002243185043334961,7.170584531302908e-05,entropy,9,16,"{'criterion': 'entropy', 'max_depth': 9, 'min_samples_split': 16}",0.6705173279758915,0.6670015067805123,0.7051732797589151,0.7021597187343044,0.6753768844221105,0.6840457435343468,0.01626752615990486,101
0.12432699203491211,0.006723081507290391,0.002363443374633789,0.0001406881348790433,entropy,9,18,"{'criterion': 'entropy', 'max_depth': 9, 'min_samples_split': 18}",0.6715218483174284,0.6685082872928176,0.7026619789050729,0.7011551983927674,0.6753768844221105,0.6838448394660395,0.014916470553565132,102
0.1357032299041748,0.0032896923234304125,0.00245513916015625,0.00010519287092343125,entropy,10,2,"{'criterion': 'entropy', 'max_depth': 10, 'min_samples_split': 2}",0.6670015067805123,0.6690105474635861,0.6901054746358614,0.6931190356604722,0.6663316582914572,0.6771136445663778,0.011909046426304904,153
0.13286919593811036,0.0017558227466272374,0.0023552894592285155,0.00013542657158566176,entropy,10,4,"{'criterion': 'entropy', 'max_depth': 10, 'min_samples_split': 4}",0.6700150678051231,0.6659969864389754,0.6901054746358614,0.694123556002009,0.6678391959798995,0.6776160561723736,0.011973703896734333,150
0.13188419342041016,0.0017020264466425458,0.0022547245025634766,5.80189542549193e-05,entropy,10,6,"{'criterion': 'entropy', 'max_depth': 10, 'min_samples_split': 6}",0.6675037669512808,0.6659969864389754,0.6911099949773983,0.6981416373681567,0.664321608040201,0.6774147987552024,0.014263147416038525,152
0.13350968360900878,0.0036264476141315925,0.002260780334472656,2.053203440217941e-05,entropy,10,8,"{'criterion': 'entropy', 'max_depth': 10, 'min_samples_split': 8}",0.6730286288297338,0.6659969864389754,0.6916122551481667,0.7001506780512305,0.6638190954773869,0.6789215287890987,0.014433190019815653,147
0.13292388916015624,0.003460004873668084,0.002345848083496094,0.00014794017113251782,entropy,10,10,"{'criterion': 'entropy', 'max_depth': 10, 'min_samples_split': 10}",0.6720241084881969,0.6680060271220493,0.6916122551481667,0.6996484178804621,0.6623115577889447,0.678720473285564,0.01437407437315893,148
0.13082618713378907,0.0013837410229488108,0.0022439002990722657,1.8894187277213088e-05,entropy,10,12,"{'criterion': 'entropy', 'max_depth': 10, 'min_samples_split': 12}",0.6740331491712708,0.6685082872928176,0.6916122551481667,0.6971371170266197,0.6623115577889447,0.678720473285564,0.013422988222865823,148
0.12976818084716796,0.0008779661850679361,0.0023417949676513674,0.00020848918314345127,entropy,10,14,"{'criterion': 'entropy', 'max_depth': 10, 'min_samples_split': 14}",0.6680060271220493,0.6670015067805123,0.6916122551481667,0.6981416373681567,0.6633165829145728,0.6776156018666916,0.014329614933790851,151
0.1300367832183838,0.0010626047949246701,0.0023449420928955077,0.00021836646116488078,entropy,10,16,"{'criterion': 'entropy', 'max_depth': 10, 'min_samples_split': 16}",0.6720241084881969,0.6664992466097438,0.6926167754897037,0.6966348568558514,0.6688442211055277,0.6793238417098048,0.012680316450784454,145
0.12961945533752442,0.0007933318602196793,0.002228403091430664,3.3120657294148005e-05,entropy,10,18,"{'criterion': 'entropy', 'max_depth': 10, 'min_samples_split': 18}",0.67101958814666,0.6664992466097438,0.6901054746358614,0.6991461577096936,0.6678391959798995,0.6789219326163716,0.013218835953424164,146
0.14262933731079103,0.0021665440141374033,0.002306413650512695,5.148348768609079e-05,entropy,11,2,"{'criterion': 'entropy', 'max_depth': 11, 'min_samples_split': 2}",0.6574585635359116,0.6574585635359116,0.6966348568558514,0.6805625313912607,0.671859296482412,0.6727947623602695,0.014832136909064772,164
0.14160642623901368,0.0007597426644487828,0.0026796817779541015,0.0005275795059349295,entropy,11,4,"{'criterion': 'entropy', 'max_depth': 11, 'min_samples_split': 4}",0.6559517830236062,0.6519337016574586,0.6966348568558514,0.6790557508789553,0.6703517587939698,0.6707855702419684,0.016200024018221394,174
0.14356865882873535,0.002876729795924363,0.0022459983825683593,2.555268848523207e-05,entropy,11,6,"{'criterion': 'entropy', 'max_depth': 11, 'min_samples_split': 6}",0.6589653440482169,0.6484178804620794,0.6971371170266197,0.682069311903566,0.6698492462311558,0.6712877799343275,0.01709604496348713,171
0.14082536697387696,0.0009536444730857605,0.002274894714355469,3.782632294117018e-05,entropy,11,8,"{'criterion': 'entropy', 'max_depth': 11, 'min_samples_split': 8}",0.6564540431943747,0.6499246609743847,0.695128076343546,0.6840783525866398,0.6708542713567839,0.6712878808911459,0.016784332031130767,170
0.14044637680053712,0.0008668488575643968,0.0022426605224609374,2.4047252936827406e-05,entropy,11,10,"{'criterion': 'entropy', 'max_depth': 11, 'min_samples_split': 10}",0.6584630838774486,0.6569563033651431,0.6956303365143144,0.6880964339527875,0.6708542713567839,0.6740000858132954,0.01554580248265071,162
0.14059371948242189,0.0007231253096637399,0.0023172378540039064,7.916292472285027e-05,entropy,11,12,"{'criterion': 'entropy', 'max_depth': 11, 'min_samples_split': 12}",0.6584630838774486,0.6539427423405324,0.6981416373681567,0.6825715720743345,0.6693467336683417,0.6724931538657628,0.016188142643617755,165
0.13989791870117188,0.0011191356684935327,0.0022469520568847655,2.3138446331142477e-05,entropy,11,14,"{'criterion': 'entropy', 'max_depth': 11, 'min_samples_split': 14}",0.6559517830236062,0.6564540431943747,0.6926167754897037,0.6790557508789553,0.671356783919598,0.6710870273012477,0.013930565131144223,173
0.13965554237365724,0.0005265356166801665,0.0022573471069335938,2.847201020401888e-05,entropy,11,16,"{'criterion': 'entropy', 'max_depth': 11, 'min_samples_split': 16}",0.6579608237066801,0.6529382219989954,0.6966348568558514,0.6800602712204922,0.6733668341708543,0.6721922015905746,0.015709726441947975,166
0.13985815048217773,0.001310655960026299,0.0022706508636474608,3.651819325745892e-05,entropy,11,18,"{'criterion': 'entropy', 'max_depth': 11, 'min_samples_split': 18}",0.6579608237066801,0.6529382219989954,0.6916122551481667,0.6825715720743345,0.6738693467336684,0.671790443932369,0.014561067461950794,168
0.15304856300354003,0.002306998304519277,0.002371978759765625,0.00012227051306992423,entropy,12,2,"{'criterion': 'entropy', 'max_depth': 12, 'min_samples_split': 2}",0.6594676042189854,0.6554495228528378,0.6855851330989452,0.6760421898543445,0.6582914572864321,0.666967181462309,0.011774142933635873,181
0.15088315010070802,0.0011997330301983635,0.0023230552673339845,5.025614817357125e-05,entropy,12,4,"{'criterion': 'entropy', 'max_depth': 12, 'min_samples_split': 4}",0.6634856855851331,0.6559517830236062,0.687594173782019,0.676544450025113,0.6628140703517588,0.669278032553526,0.011324353135215272,179
0.15032401084899902,0.0010147983110589042,0.0022603988647460936,3.129352613103026e-05,entropy,12,6,"{'criterion': 'entropy', 'max_depth': 12, 'min_samples_split': 6}",0.6649924660974385,0.6554495228528378,0.6880964339527875,0.6790557508789553,0.6638190954773869,0.6702826538518811,0.01169686660180783,177
0.15063438415527344,0.0012925528246495765,0.002290773391723633,2.7574796517775613e-05,entropy,12,8,"{'criterion': 'entropy', 'max_depth': 12, 'min_samples_split': 8}",0.6619789050728278,0.6529382219989954,0.6921145153189352,0.6825715720743345,0.664321608040201,0.6707849645010587,0.014364551740359851,175
0.14987678527832032,0.0009889811809722984,0.002268409729003906,3.8349863753635946e-05,entropy,12,10,"{'criterion': 'entropy', 'max_depth': 12, 'min_samples_split': 10}",0.6619789050728278,0.6599698643897539,0.6936212958312405,0.6825715720743345,0.6618090452261306,0.6719901365188574,0.013625271730478828,167
0.14961881637573243,0.0009070278103180743,0.0023312091827392576,0.0001473461848216022,entropy,12,12,"{'criterion': 'entropy', 'max_depth': 12, 'min_samples_split': 12}",0.6654947262682069,0.6544450025113009,0.694123556002009,0.6800602712204922,0.6562814070351759,0.670080992607437,0.015057074373237143,178
0.1519763469696045,0.0032404881725768327,0.0024614334106445312,0.0001571825542531962,entropy,12,14,"{'criterion': 'entropy', 'max_depth': 12, 'min_samples_split': 14}",0.6629834254143646,0.6574585635359116,0.688598694123556,0.6810647915620291,0.6623115577889447,0.6704834064849612,0.012106235727058379,176
0.1487584114074707,0.0012159363241746517,0.002261638641357422,2.7534197755343602e-05,entropy,12,16,"{'criterion': 'entropy', 'max_depth': 12, 'min_samples_split': 16}",0.6619789050728278,0.6559517830236062,0.6931190356604722,0.6840783525866398,0.6628140703517588,0.6715884293390609,0.014376385022348306,169
0.148726224899292,0.0009423425618089414,0.0022873878479003906,5.4836273193359375e-05,entropy,12,18,"{'criterion': 'entropy', 'max_depth': 12, 'min_samples_split': 18}",0.66449020592667,0.6564540431943747,0.6880964339527875,0.6825715720743345,0.664321608040201,0.6711867726376735,0.012038090475815616,172
0.15954194068908692,0.0013933809094598484,0.0022925853729248045,2.9761438937593864e-05,entropy,13,2,"{'criterion': 'entropy', 'max_depth': 13, 'min_samples_split': 2}",0.6619789050728278,0.6484178804620794,0.6855851330989452,0.6705173279758915,0.6557788944723618,0.6644556282164211,0.012820525726987749,189
0.1596364974975586,0.0014615504769871824,0.0023286819458007814,8.10853700955585e-05,entropy,13,4,"{'criterion': 'entropy', 'max_depth': 13, 'min_samples_split': 4}",0.6649924660974385,0.6559517830236062,0.67754897036665,0.6680060271220493,0.6582914572864321,0.6649581407792351,0.007660012113581703,188
0.15957951545715332,0.0015338390708870208,0.0023419857025146484,0.00013834113500955632,entropy,13,6,"{'criterion': 'entropy', 'max_depth': 13, 'min_samples_split': 6}",0.6614766449020593,0.6514314414866901,0.6810647915620291,0.6750376695128076,0.65678391959799,0.6651588934123153,0.011160016935874229,187
0.1607819080352783,0.002661462249605364,0.0022982120513916015,2.4617731406028724e-05,entropy,13,8,"{'criterion': 'entropy', 'max_depth': 13, 'min_samples_split': 8}",0.6574585635359116,0.6494224008036162,0.6870919136112507,0.6760421898543445,0.6613065326633166,0.666264320093688,0.013528981032746263,184
0.15934996604919432,0.001361755905996643,0.0022926807403564455,4.060609285758362e-05,entropy,13,10,"{'criterion': 'entropy', 'max_depth': 13, 'min_samples_split': 10}",0.6634856855851331,0.6464088397790055,0.6901054746358614,0.6750376695128076,0.6522613065326633,0.6654597952090942,0.015749166997230186,186
0.1580031394958496,0.0011659045730136475,0.0023500919342041016,0.0001227874663122929,entropy,13,12,"{'criterion': 'entropy', 'max_depth': 13, 'min_samples_split': 12}",0.6624811652435962,0.6484178804620794,0.6891009542943245,0.6755399296835761,0.657788944723618,0.6666657748814389,0.01422239516363314,182
0.15768818855285643,0.0016597469640828207,0.002290201187133789,5.710100580055855e-05,entropy,13,14,"{'criterion': 'entropy', 'max_depth': 13, 'min_samples_split': 14}",0.6589653440482169,0.6559517830236062,0.6815670517327976,0.6780512305374183,0.6562814070351759,0.666163363275443,0.011245762911420086,185
0.15721564292907714,0.0016220204973326198,0.002370309829711914,0.00014423621767461545,entropy,13,16,"{'criterion': 'entropy', 'max_depth': 13, 'min_samples_split': 16}",0.6589653440482169,0.6559517830236062,0.6891009542943245,0.6790557508789553,0.657788944723618,0.6681725553937443,0.013404336709765397,180
0.15691795349121093,0.0016793946971464383,0.002271223068237305,2.6549340647576112e-05,entropy,13,18,"{'criterion': 'entropy', 'max_depth': 13, 'min_samples_split': 18}",0.6589653440482169,0.6539427423405324,0.6860873932697137,0.6790557508789553,0.6552763819095477,0.6666655224893933,0.013278563401533031,183
